id,service_id,movie_id,link,created_at,updated_at,access_type
1,1,1,https://www.netflix.com/title/81644889/,2024-12-13 11:53:10 UTC,2024-12-13 11:53:10 UTC,subscription
2,1,2,https://www.netflix.com/title/81092768/,2024-12-13 11:53:10 UTC,2024-12-13 11:53:10 UTC,subscription
3,1,3,https://www.netflix.com/title/81260630/,2024-12-13 11:53:10 UTC,2024-12-13 11:53:10 UTC,subscription
4,1,4,https://www.netflix.com/title/81260637/,2024-12-13 11:53:10 UTC,2024-12-13 11:53:10 UTC,subscription
5,1,5,https://www.netflix.com/title/81056700/,2024-12-13 11:53:10 UTC,2024-12-13 11:53:10 UTC,subscription
6,1,6,https://www.netflix.com/title/80125979/,2024-12-13 11:53:10 UTC,2024-12-13 11:53:10 UTC,subscription
7,2,6,https://tv.apple.com/fr/movie/realityhigh/umc.cmc.1djbwzqtt5o9q21kyk1a1n12,2024-12-13 11:53:11 UTC,2024-12-13 11:53:11 UTC,addon
8,1,7,https://www.netflix.com/title/81240831/,2024-12-13 11:53:11 UTC,2024-12-13 11:53:11 UTC,subscription
9,1,8,https://www.netflix.com/title/81412227/,2024-12-13 11:53:11 UTC,2024-12-13 11:53:11 UTC,subscription
10,1,9,https://www.netflix.com/title/81779948/,2024-12-13 11:53:11 UTC,2024-12-13 11:53:11 UTC,subscription
11,1,10,https://www.netflix.com/title/81667933/,2024-12-13 11:53:11 UTC,2024-12-13 11:53:11 UTC,subscription
12,1,11,https://www.netflix.com/title/81044208/,2024-12-13 11:53:11 UTC,2024-12-13 11:53:11 UTC,subscription
13,1,12,https://www.netflix.com/title/81671559/,2024-12-13 11:53:11 UTC,2024-12-13 11:53:11 UTC,subscription
14,1,13,https://www.netflix.com/title/81382059/,2024-12-13 11:53:11 UTC,2024-12-13 11:53:11 UTC,subscription
15,1,14,https://www.netflix.com/title/81506534/,2024-12-13 11:53:11 UTC,2024-12-13 11:53:11 UTC,subscription
16,2,15,https://tv.apple.com/fr/movie/10-jours-sans-maman/umc.cmc.5jasxrdy08wky3hi9dpfmlxpz?playableId=tvs.sbd.9001%3A1498095260,2024-12-13 11:53:11 UTC,2024-12-17 16:08:53 UTC,rent
17,3,15,https://www.primevideo.com/detail/0TGE1N9MHXOJEE8VSL2DEAB5B6/ref=atv_dp,2024-12-13 11:53:11 UTC,2024-12-17 16:08:53 UTC,rent
18,1,15,https://www.netflix.com/title/81667278/,2024-12-13 11:53:11 UTC,2024-12-13 11:53:11 UTC,subscription
19,1,16,https://www.netflix.com/title/81594658/,2024-12-13 11:53:11 UTC,2024-12-13 11:53:11 UTC,subscription
20,1,17,https://www.netflix.com/title/80141173/,2024-12-13 11:53:11 UTC,2024-12-13 11:53:11 UTC,subscription
21,1,18,https://www.netflix.com/title/81409062/,2024-12-13 11:53:11 UTC,2024-12-13 11:53:11 UTC,subscription
22,1,19,https://www.netflix.com/title/81362739/,2024-12-13 11:53:11 UTC,2024-12-13 11:53:11 UTC,subscription
23,3,20,https://www.primevideo.com/detail/0MBZJ5HMZWLUBF78K1EFY6DPMN/ref=atv_dp,2024-12-13 11:53:11 UTC,2024-12-17 16:08:53 UTC,rent
24,2,20,https://tv.apple.com/fr/show/100-loup/umc.cmc.43ta5mgiim1wwe06s770dbuzc,2024-12-13 11:53:11 UTC,2024-12-17 16:08:53 UTC,addon
25,1,20,https://www.netflix.com/title/81136958/,2024-12-13 11:53:11 UTC,2024-12-13 11:53:11 UTC,subscription
26,1,21,https://www.netflix.com/title/80170687/,2024-12-13 11:53:12 UTC,2024-12-13 11:53:12 UTC,subscription
27,1,22,https://www.netflix.com/title/81665637/,2024-12-13 11:53:12 UTC,2024-12-13 11:53:12 UTC,subscription
28,1,23,https://www.netflix.com/title/81647073/,2024-12-13 11:53:12 UTC,2024-12-13 11:53:12 UTC,subscription
29,3,25,https://www.primevideo.com/detail/0MRS31J9TJSDMFL3S8XR7KZ3ZX/ref=atv_dp,2024-12-13 11:53:12 UTC,2024-12-17 16:08:54 UTC,buy
30,2,25,https://tv.apple.com/fr/movie/les-12-orphelins/umc.cmc.43x7k83h51ncx6m57hcwhnuw6?playableId=tvs.sbd.9001%3A1571596849,2024-12-13 11:53:12 UTC,2024-12-17 16:08:54 UTC,rent
31,1,25,https://www.netflix.com/title/81460842/,2024-12-13 11:53:12 UTC,2024-12-13 11:53:12 UTC,subscription
32,1,26,https://www.netflix.com/title/81761732/,2024-12-13 11:53:12 UTC,2024-12-13 11:53:12 UTC,subscription
33,1,27,https://www.netflix.com/title/81755774/,2024-12-13 11:53:12 UTC,2024-12-13 11:53:12 UTC,subscription
34,1,28,https://www.netflix.com/title/81466188/,2024-12-13 11:53:12 UTC,2024-12-13 11:53:12 UTC,subscription
35,1,29,https://www.netflix.com/title/81054831/,2024-12-13 11:53:12 UTC,2024-12-13 11:53:12 UTC,subscription
36,1,30,https://www.netflix.com/title/81466189/,2024-12-13 11:53:12 UTC,2024-12-13 11:53:12 UTC,subscription
37,2,31,https://tv.apple.com/fr/movie/13-heures-les-soldats-secrets-de-benghazi/umc.cmc.57vs03ppt0jyktwn4yjk4jdj1,2024-12-13 11:53:12 UTC,2024-12-17 16:08:54 UTC,buy
38,3,31,https://www.primevideo.com/detail/0L45NEAIBEN8OLTVRMSTRTUOCH/ref=atv_dp,2024-12-13 11:53:12 UTC,2024-12-17 16:08:54 UTC,rent
39,1,31,https://www.netflix.com/title/80067930/,2024-12-13 11:53:12 UTC,2024-12-13 11:53:12 UTC,subscription
40,1,32,https://www.netflix.com/title/80117470/,2024-12-13 11:53:12 UTC,2024-12-13 11:53:12 UTC,subscription
41,1,33,https://www.netflix.com/title/80996791/,2024-12-13 11:53:12 UTC,2024-12-13 11:53:12 UTC,subscription
42,1,34,https://www.netflix.com/title/80190097/,2024-12-13 11:53:12 UTC,2024-12-13 11:53:12 UTC,subscription
43,1,35,https://www.netflix.com/title/81306195/,2024-12-13 11:53:12 UTC,2024-12-13 11:53:12 UTC,subscription
44,1,36,https://www.netflix.com/title/80172819/,2024-12-13 11:53:12 UTC,2024-12-13 11:53:12 UTC,subscription
45,1,37,https://www.netflix.com/title/80222822/,2024-12-13 11:53:12 UTC,2024-12-13 11:53:12 UTC,subscription
46,1,38,https://www.netflix.com/title/70229640/,2024-12-13 11:53:12 UTC,2024-12-13 11:53:12 UTC,subscription
47,1,39,https://www.netflix.com/title/80091741/,2024-12-13 11:53:12 UTC,2024-12-13 11:53:12 UTC,subscription
48,1,40,https://www.netflix.com/title/81464765/,2024-12-13 11:53:12 UTC,2024-12-13 11:53:12 UTC,subscription
49,1,41,https://www.netflix.com/title/81033429/,2024-12-13 11:53:13 UTC,2024-12-13 11:53:13 UTC,subscription
50,1,42,https://www.netflix.com/title/81553471/,2024-12-13 11:53:13 UTC,2024-12-13 11:53:13 UTC,subscription
51,1,43,https://www.netflix.com/title/81261846/,2024-12-13 11:53:13 UTC,2024-12-13 11:53:13 UTC,subscription
52,1,44,https://www.netflix.com/title/81512222/,2024-12-13 11:53:13 UTC,2024-12-13 11:53:13 UTC,subscription
53,1,45,https://www.netflix.com/title/81466193/,2024-12-13 11:53:13 UTC,2024-12-13 11:53:13 UTC,subscription
54,1,46,https://www.netflix.com/title/80214497/,2024-12-13 11:53:13 UTC,2024-12-13 11:53:13 UTC,subscription
55,1,47,https://www.netflix.com/title/81651185/,2024-12-13 11:53:13 UTC,2024-12-13 11:53:13 UTC,subscription
56,2,48,https://tv.apple.com/fr/movie/1917/umc.cmc.6obl95cblvxp3q916q1t66w66,2024-12-13 11:53:13 UTC,2024-12-17 16:08:56 UTC,buy
57,3,48,https://www.primevideo.com/detail/0U84R3LW1FBY2MFYMSASEJCHEI/ref=atv_dp,2024-12-13 11:53:13 UTC,2024-12-13 11:53:13 UTC,buy
58,1,48,https://www.netflix.com/title/81140931/,2024-12-13 11:53:13 UTC,2024-12-13 11:53:13 UTC,subscription
59,1,49,https://www.netflix.com/title/80135164/,2024-12-13 11:53:13 UTC,2024-12-13 11:53:13 UTC,subscription
60,1,50,https://www.netflix.com/title/81382060/,2024-12-13 11:53:13 UTC,2024-12-13 11:53:13 UTC,subscription
61,1,51,https://www.netflix.com/title/81411159/,2024-12-13 11:53:13 UTC,2024-12-13 11:53:13 UTC,subscription
62,1,52,https://www.netflix.com/title/80205593/,2024-12-13 11:53:13 UTC,2024-12-13 11:53:13 UTC,subscription
63,1,53,https://www.netflix.com/title/80134109/,2024-12-13 11:53:13 UTC,2024-12-13 11:53:13 UTC,subscription
64,2,55,https://tv.apple.com/fr/movie/2-fast-2-furious/umc.cmc.29d5x38uzx9coflpzk8p5fja4,2024-12-13 11:53:13 UTC,2024-12-17 16:08:56 UTC,buy
65,3,55,https://www.primevideo.com/detail/0PDLYOC8HO9ESJH78JMSSQ1VWR/ref=atv_dp,2024-12-13 11:53:13 UTC,2024-12-17 16:08:56 UTC,buy
66,1,55,https://www.netflix.com/title/60027713/,2024-12-13 11:53:13 UTC,2024-12-13 11:53:13 UTC,subscription
67,3,56,https://www.primevideo.com/detail/0FWMNNCBQR69JBCBGYR78X9PFZ/ref=atv_dp,2024-12-13 11:53:13 UTC,2024-12-17 16:08:56 UTC,subscription
68,1,56,https://www.netflix.com/title/70270776/,2024-12-13 11:53:13 UTC,2024-12-13 11:53:13 UTC,subscription
69,1,57,https://www.netflix.com/title/81435742/,2024-12-13 11:53:13 UTC,2024-12-13 11:53:13 UTC,subscription
70,1,58,https://www.netflix.com/title/81059183/,2024-12-13 11:53:13 UTC,2024-12-13 11:53:13 UTC,subscription
71,2,59,https://tv.apple.com/fr/movie/20-ans-decart/umc.cmc.1smu936fvlb00dk34bija92h?playableId=tvs.sbd.9001%3A1523371322,2024-12-13 11:53:13 UTC,2024-12-17 16:08:56 UTC,rent
72,3,59,https://www.primevideo.com/detail/0SQ9NJWVYXV5T1608RZJ9K8FRN/ref=atv_dp,2024-12-13 11:53:13 UTC,2024-12-17 16:08:56 UTC,addon
73,1,59,https://www.netflix.com/title/80057784/,2024-12-13 11:53:13 UTC,2024-12-13 11:53:13 UTC,subscription
74,4,60,https://play.max.com/movie/78415642-c904-4883-9007-12d895741b04,2024-12-13 11:53:13 UTC,2024-12-13 11:53:13 UTC,subscription
75,2,60,https://tv.apple.com/fr/movie/2012/umc.cmc.2wq140jo9jd1ut59m0cfukrit,2024-12-13 11:53:13 UTC,2024-12-17 16:08:56 UTC,buy
76,3,60,https://www.primevideo.com/detail/0L9BCT30PG9Z2IMDTS3GU8W7ZT/ref=atv_dp,2024-12-13 11:53:13 UTC,2024-12-17 16:08:56 UTC,rent
77,1,60,https://www.netflix.com/title/70108779/,2024-12-13 11:53:13 UTC,2024-12-13 11:53:13 UTC,subscription
78,1,61,https://www.netflix.com/title/81585965/,2024-12-13 11:53:14 UTC,2024-12-13 11:53:14 UTC,subscription
79,1,62,https://www.netflix.com/title/81472752/,2024-12-13 11:53:14 UTC,2024-12-13 11:53:14 UTC,subscription
80,1,63,https://www.netflix.com/title/80210932/,2024-12-13 11:53:14 UTC,2024-12-13 11:53:14 UTC,subscription
81,1,64,https://www.netflix.com/title/81724557/,2024-12-13 11:53:14 UTC,2024-12-13 11:53:14 UTC,subscription
82,1,65,https://www.netflix.com/title/81497301/,2024-12-13 11:53:14 UTC,2024-12-13 11:53:14 UTC,subscription
83,1,66,https://www.netflix.com/title/80213148/,2024-12-13 11:53:14 UTC,2024-12-13 11:53:14 UTC,subscription
84,1,67,https://www.netflix.com/title/81397887/,2024-12-13 11:53:14 UTC,2024-12-13 11:53:14 UTC,subscription
85,1,68,https://www.netflix.com/title/81024821/,2024-12-13 11:53:14 UTC,2024-12-13 11:53:14 UTC,subscription
86,1,69,https://www.netflix.com/title/81504292/,2024-12-13 11:53:14 UTC,2024-12-13 11:53:14 UTC,subscription
87,1,70,https://www.netflix.com/title/60020896/,2024-12-13 11:53:14 UTC,2024-12-13 11:53:14 UTC,subscription
88,1,71,https://www.netflix.com/title/60020868/,2024-12-13 11:53:15 UTC,2024-12-13 11:53:15 UTC,subscription
89,1,72,https://www.netflix.com/title/81374470/,2024-12-13 11:53:15 UTC,2024-12-13 11:53:15 UTC,subscription
90,2,73,https://tv.apple.com/fr/show/3-pourcent/umc.cmc.33gm0glfban0btkoijophv7md,2024-12-13 11:53:15 UTC,2024-12-13 11:53:15 UTC,addon
91,1,73,https://www.netflix.com/title/80074220/,2024-12-13 11:53:15 UTC,2024-12-13 11:53:15 UTC,subscription
92,1,74,https://www.netflix.com/title/81435725/,2024-12-13 11:53:15 UTC,2024-12-13 11:53:15 UTC,subscription
93,2,75,https://tv.apple.com/fr/movie/300/umc.cmc.5vjx5opa0msewnaidhpn7qk85?playableId=tvs.sbd.9001%3A271146652,2024-12-13 11:53:15 UTC,2024-12-17 16:08:57 UTC,buy
94,3,75,https://www.primevideo.com/detail/0N3U8BFSNXCXGP4X00UMKAP9J3/ref=atv_dp,2024-12-13 11:53:15 UTC,2024-12-17 16:08:57 UTC,rent
95,1,75,https://www.netflix.com/title/70056440/,2024-12-13 11:53:15 UTC,2024-12-13 11:53:15 UTC,subscription
96,1,76,https://www.netflix.com/title/81245964/,2024-12-13 11:53:15 UTC,2024-12-13 11:53:15 UTC,subscription
97,1,77,https://www.netflix.com/title/81397576/,2024-12-13 11:53:15 UTC,2024-12-13 11:53:15 UTC,subscription
98,1,78,https://www.netflix.com/title/81062369/,2024-12-13 11:53:15 UTC,2024-12-13 11:53:15 UTC,subscription
99,1,79,https://www.netflix.com/title/80179784/,2024-12-13 11:53:15 UTC,2024-12-13 11:53:15 UTC,subscription
100,2,79,https://tv.apple.com/fr/show/le-trio-venu-dailleurs--les-contes-darcadia/umc.cmc.3of9ul5dhu7ew2ww494bo39b,2024-12-13 11:53:15 UTC,2024-12-13 11:53:15 UTC,addon
101,1,80,https://www.netflix.com/title/81691279/,2024-12-13 11:53:15 UTC,2024-12-13 11:53:15 UTC,subscription
102,1,81,https://www.netflix.com/title/80221109/,2024-12-13 11:53:17 UTC,2024-12-13 11:53:17 UTC,subscription
103,1,82,https://www.netflix.com/title/81486147/,2024-12-13 11:53:17 UTC,2024-12-13 11:53:17 UTC,subscription
104,1,83,https://www.netflix.com/title/81324416/,2024-12-13 11:53:17 UTC,2024-12-13 11:53:17 UTC,subscription
105,1,84,https://www.netflix.com/title/81283608/,2024-12-13 11:53:17 UTC,2024-12-13 11:53:17 UTC,subscription
106,1,85,https://www.netflix.com/title/81081459/,2024-12-13 11:53:17 UTC,2024-12-13 11:53:17 UTC,subscription
107,1,86,https://www.netflix.com/title/81040407/,2024-12-13 11:53:17 UTC,2024-12-13 11:53:17 UTC,subscription
108,3,87,https://www.primevideo.com/detail/0IVAWWA5EZY0XZLT7X1B4MPV2J/ref=atv_dp,2024-12-13 11:53:17 UTC,2024-12-17 16:08:58 UTC,buy
109,2,87,https://tv.apple.com/fr/movie/47-meters-down/umc.cmc.3rov175u7bmeisr2ghj4qewrf?playableId=tvs.sbd.9001%3A1280202410,2024-12-13 11:53:17 UTC,2024-12-17 16:08:58 UTC,buy
110,1,87,https://www.netflix.com/title/80109128/,2024-12-13 11:53:17 UTC,2024-12-13 11:53:17 UTC,subscription
111,1,88,https://www.netflix.com/title/81049899/,2024-12-13 11:53:17 UTC,2024-12-13 11:53:17 UTC,subscription
112,1,89,https://www.netflix.com/title/81408961/,2024-12-13 11:53:17 UTC,2024-12-13 11:53:17 UTC,subscription
113,1,90,https://www.netflix.com/title/81771021/,2024-12-13 11:53:17 UTC,2024-12-13 11:53:17 UTC,subscription
114,1,91,https://www.netflix.com/title/81103322/,2024-12-13 11:53:17 UTC,2024-12-13 11:53:17 UTC,subscription
115,3,92,https://www.primevideo.com/detail/0FF5IXR1P1B5FP3G9ZDH7DKH4U/ref=atv_dp,2024-12-13 11:53:17 UTC,2024-12-17 16:08:58 UTC,rent
116,2,92,https://tv.apple.com/fr/movie/5eme-set/umc.cmc.6hmebd2qtewhn9dtx471pe8zy,2024-12-13 11:53:17 UTC,2024-12-17 16:08:58 UTC,buy
117,1,92,https://www.netflix.com/title/81392414/,2024-12-13 11:53:17 UTC,2024-12-13 11:53:17 UTC,subscription
118,2,93,https://tv.apple.com/fr/movie/6-balloons/umc.cmc.4ko66050qyrvod2nstonznhkg,2024-12-13 11:53:17 UTC,2024-12-13 11:53:17 UTC,addon
119,1,93,https://www.netflix.com/title/80130625/,2024-12-13 11:53:17 UTC,2024-12-13 11:53:17 UTC,subscription
120,1,94,https://www.netflix.com/title/80178280/,2024-12-13 11:53:17 UTC,2024-12-13 11:53:17 UTC,subscription
121,1,95,https://www.netflix.com/title/81001887/,2024-12-13 11:53:17 UTC,2024-12-13 11:53:17 UTC,subscription
122,1,96,https://www.netflix.com/title/80045922/,2024-12-13 11:53:17 UTC,2024-12-13 11:53:17 UTC,subscription
123,1,97,https://www.netflix.com/title/81486233/,2024-12-13 11:53:17 UTC,2024-12-13 11:53:17 UTC,subscription
124,1,98,https://www.netflix.com/title/81072109/,2024-12-13 11:53:17 UTC,2024-12-13 11:53:17 UTC,subscription
125,1,99,https://www.netflix.com/title/80207124/,2024-12-13 11:53:17 UTC,2024-12-13 11:53:17 UTC,subscription
126,1,100,https://www.netflix.com/title/81173970/,2024-12-13 11:53:17 UTC,2024-12-13 11:53:17 UTC,subscription
127,1,101,https://www.netflix.com/title/80095197/,2024-12-16 18:33:24 UTC,2024-12-16 18:33:24 UTC,subscription
128,1,102,https://www.netflix.com/title/81513881/,2024-12-16 18:33:24 UTC,2024-12-16 18:33:24 UTC,subscription
129,1,103,https://www.netflix.com/title/81168904/,2024-12-16 18:33:24 UTC,2024-12-16 18:33:24 UTC,subscription
130,2,104,https://tv.apple.com/fr/movie/7-kogustaki-mucize--la-cellule-numero-7/umc.cmc.1bd4cb56pvgf7jthhew1b9okd?playableId=tvs.sbd.9001%3A1486804456,2024-12-16 18:33:24 UTC,2024-12-17 16:09:00 UTC,rent
131,1,104,https://www.netflix.com/title/81239779/,2024-12-16 18:33:24 UTC,2024-12-16 18:33:24 UTC,subscription
132,1,105,https://www.netflix.com/title/80165437/,2024-12-16 18:33:24 UTC,2024-12-16 18:33:24 UTC,subscription
133,1,106,https://www.netflix.com/title/80165247/,2024-12-16 18:33:24 UTC,2024-12-16 18:33:24 UTC,subscription
134,2,107,https://tv.apple.com/fr/show/7seeds/umc.cmc.6rn8nvchzy9ss5vhb45tybtaq,2024-12-16 18:33:24 UTC,2024-12-16 18:33:24 UTC,addon
135,1,107,https://www.netflix.com/title/80183051/,2024-12-16 18:33:24 UTC,2024-12-16 18:33:24 UTC,subscription
136,2,108,https://tv.apple.com/fr/show/queen-for-seven-days/umc.cmc.6sarwdm1pmr0j0ng4plkrnwrh,2024-12-16 18:33:24 UTC,2024-12-16 18:33:24 UTC,addon
137,1,108,https://www.netflix.com/title/81093222/,2024-12-16 18:33:24 UTC,2024-12-16 18:33:24 UTC,subscription
138,1,109,https://www.netflix.com/title/60024922/,2024-12-16 18:33:24 UTC,2024-12-16 18:33:24 UTC,subscription
139,1,110,https://www.netflix.com/title/81050039/,2024-12-16 18:33:24 UTC,2024-12-16 18:33:24 UTC,subscription
140,1,111,https://www.netflix.com/title/81294142/,2024-12-16 18:33:24 UTC,2024-12-16 18:33:24 UTC,subscription
141,2,113,https://tv.apple.com/fr/movie/la-marche-des-beurs---1983/umc.cmc.60q0cgrvkrbr9vunj4ilp3loo,2024-12-16 18:33:24 UTC,2024-12-16 18:33:24 UTC,addon
142,1,113,https://www.netflix.com/title/81144147/,2024-12-16 18:33:24 UTC,2024-12-16 18:33:24 UTC,subscription
143,1,114,https://www.netflix.com/title/81267151/,2024-12-16 18:33:24 UTC,2024-12-16 18:33:24 UTC,subscription
144,1,115,https://www.netflix.com/title/81316256/,2024-12-16 18:33:24 UTC,2024-12-16 18:33:24 UTC,subscription
145,1,116,https://www.netflix.com/title/80066891/,2024-12-16 18:33:24 UTC,2024-12-16 18:33:24 UTC,subscription
146,1,117,https://www.netflix.com/title/81742747/,2024-12-16 18:33:24 UTC,2024-12-16 18:33:24 UTC,subscription
147,1,118,https://www.netflix.com/title/81634722/,2024-12-16 18:33:24 UTC,2024-12-16 18:33:24 UTC,subscription
148,1,119,https://www.netflix.com/title/81332613/,2024-12-16 18:33:24 UTC,2024-12-16 18:33:24 UTC,subscription
149,1,120,https://www.netflix.com/title/81012821/,2024-12-16 18:33:24 UTC,2024-12-16 18:33:24 UTC,subscription
150,1,121,https://www.netflix.com/title/81580045/,2024-12-16 18:33:25 UTC,2024-12-16 18:33:25 UTC,subscription
151,1,122,https://www.netflix.com/title/81409046/,2024-12-16 18:33:25 UTC,2024-12-16 18:33:25 UTC,subscription
152,1,123,https://www.netflix.com/title/81696231/,2024-12-16 18:33:25 UTC,2024-12-16 18:33:25 UTC,subscription
153,1,124,https://www.netflix.com/title/81344378/,2024-12-16 18:33:25 UTC,2024-12-16 18:33:25 UTC,subscription
154,1,125,https://www.netflix.com/title/81447216/,2024-12-16 18:33:25 UTC,2024-12-16 18:33:25 UTC,subscription
155,1,126,https://www.netflix.com/title/81026181/,2024-12-16 18:33:25 UTC,2024-12-16 18:33:25 UTC,subscription
156,1,127,https://www.netflix.com/title/81609503/,2024-12-16 18:33:25 UTC,2024-12-16 18:33:25 UTC,subscription
157,1,128,https://www.netflix.com/title/80160759/,2024-12-16 18:33:25 UTC,2024-12-16 18:33:25 UTC,subscription
158,2,128,https://tv.apple.com/fr/movie/a-christmas-prince/umc.cmc.61eh0wmj7pkduq50rqzoguia3,2024-12-16 18:33:25 UTC,2024-12-16 18:33:25 UTC,addon
159,1,129,https://www.netflix.com/title/81029841/,2024-12-16 18:33:25 UTC,2024-12-16 18:33:25 UTC,subscription
160,2,130,https://tv.apple.com/fr/movie/a-christmas-prince-the-royal-wedding/umc.cmc.5ijfjidtjc0r66pkjsbcail5l,2024-12-16 18:33:25 UTC,2024-12-16 18:33:25 UTC,addon
161,1,130,https://www.netflix.com/title/80238204/,2024-12-16 18:33:25 UTC,2024-12-16 18:33:25 UTC,subscription
162,1,131,https://www.netflix.com/title/81248435/,2024-12-16 18:33:25 UTC,2024-12-16 18:33:25 UTC,subscription
163,1,132,https://www.netflix.com/title/70104898/,2024-12-16 18:33:25 UTC,2024-12-16 18:33:25 UTC,subscription
164,1,133,https://www.netflix.com/title/81409039/,2024-12-16 18:33:25 UTC,2024-12-16 18:33:25 UTC,subscription
165,1,134,https://www.netflix.com/title/81504284/,2024-12-16 18:33:25 UTC,2024-12-16 18:33:25 UTC,subscription
166,1,135,https://www.netflix.com/title/81127902/,2024-12-16 18:33:25 UTC,2024-12-16 18:33:25 UTC,subscription
167,1,136,https://www.netflix.com/title/81361154/,2024-12-16 18:33:25 UTC,2024-12-16 18:33:25 UTC,subscription
168,1,137,https://www.netflix.com/title/81004748/,2024-12-16 18:33:25 UTC,2024-12-16 18:33:25 UTC,subscription
169,1,138,https://www.netflix.com/title/81452752/,2024-12-16 18:33:25 UTC,2024-12-16 18:33:25 UTC,subscription
170,1,139,https://www.netflix.com/title/81519166/,2024-12-16 18:33:25 UTC,2024-12-16 18:33:25 UTC,subscription
171,2,140,https://tv.apple.com/fr/movie/une-drole-de-fin/umc.cmc.3580fwtto5qe1bfxniq23msbt,2024-12-16 18:33:25 UTC,2024-12-16 18:33:25 UTC,addon
172,1,140,https://www.netflix.com/title/80107084/,2024-12-16 18:33:25 UTC,2024-12-16 18:33:25 UTC,subscription
173,1,141,https://www.netflix.com/title/81021358/,2024-12-16 18:33:27 UTC,2024-12-16 18:33:27 UTC,subscription
174,1,142,https://www.netflix.com/title/81021357/,2024-12-16 18:33:27 UTC,2024-12-16 18:33:27 UTC,subscription
175,1,143,https://www.netflix.com/title/81021356/,2024-12-16 18:33:27 UTC,2024-12-16 18:33:27 UTC,subscription
176,1,144,https://www.netflix.com/title/81759464/,2024-12-16 18:33:27 UTC,2024-12-16 18:33:27 UTC,subscription
177,1,145,https://www.netflix.com/title/81403766/,2024-12-16 18:33:27 UTC,2024-12-16 18:33:27 UTC,subscription
178,1,146,https://www.netflix.com/title/81746999/,2024-12-16 18:33:27 UTC,2024-12-16 18:33:27 UTC,subscription
179,1,147,https://www.netflix.com/title/81227743/,2024-12-16 18:33:27 UTC,2024-12-16 18:33:27 UTC,subscription
180,1,148,https://www.netflix.com/title/81609506/,2024-12-16 18:33:27 UTC,2024-12-16 18:33:27 UTC,subscription
181,2,149,https://tv.apple.com/fr/movie/chevalier/umc.cmc.416seftz79hrbv5eq3de2gka5,2024-12-16 18:33:27 UTC,2024-12-17 16:09:02 UTC,buy
182,3,149,https://www.primevideo.com/detail/0QBT5LOBQVUXEMWYGMO9I6GK7M/ref=atv_dp,2024-12-16 18:33:27 UTC,2024-12-17 16:09:03 UTC,rent
183,1,149,https://www.netflix.com/title/60020626/,2024-12-16 18:33:27 UTC,2024-12-16 18:33:27 UTC,subscription
184,1,150,https://www.netflix.com/title/80193475/,2024-12-16 18:33:27 UTC,2024-12-16 18:33:27 UTC,subscription
185,1,151,https://www.netflix.com/title/81689061/,2024-12-16 18:33:27 UTC,2024-12-16 18:33:27 UTC,subscription
186,1,152,https://www.netflix.com/title/81304985/,2024-12-16 18:33:27 UTC,2024-12-16 18:33:27 UTC,subscription
187,1,153,https://www.netflix.com/title/81504289/,2024-12-16 18:33:27 UTC,2024-12-16 18:33:27 UTC,subscription
188,1,154,https://www.netflix.com/title/81506171/,2024-12-16 18:33:27 UTC,2024-12-16 18:33:27 UTC,subscription
189,1,155,https://www.netflix.com/title/81677257/,2024-12-16 18:33:27 UTC,2024-12-16 18:33:27 UTC,subscription
190,1,156,https://www.netflix.com/title/81696234/,2024-12-16 18:33:27 UTC,2024-12-16 18:33:27 UTC,subscription
191,1,157,https://www.netflix.com/title/81506573/,2024-12-16 18:33:27 UTC,2024-12-16 18:33:27 UTC,subscription
192,1,158,https://www.netflix.com/title/81434660/,2024-12-16 18:33:27 UTC,2024-12-16 18:33:27 UTC,subscription
193,1,159,https://www.netflix.com/title/81912861/,2024-12-16 18:33:27 UTC,2024-12-16 18:33:27 UTC,subscription
194,1,160,https://www.netflix.com/title/81327369/,2024-12-16 18:33:27 UTC,2024-12-16 18:33:27 UTC,subscription
195,1,161,https://www.netflix.com/title/81241465/,2024-12-16 18:33:28 UTC,2024-12-16 18:33:28 UTC,subscription
196,1,162,https://www.netflix.com/title/81467098/,2024-12-16 18:33:28 UTC,2024-12-16 18:33:28 UTC,subscription
197,2,163,https://tv.apple.com/fr/movie/sans-un-bruit/umc.cmc.ap2bw42zd8wnv3ul2uzvtsmt,2024-12-16 18:33:28 UTC,2024-12-17 16:09:04 UTC,rent
198,3,163,https://www.primevideo.com/detail/0O72C8VFQGL57BYQMB2B0R1W6I/ref=atv_dp,2024-12-16 18:33:28 UTC,2024-12-17 16:09:04 UTC,addon
199,5,163,https://www.paramountplus.com/movies/video/L2F2jXiRQJJU0y_LVvyaG2mINp8u8KAn/,2024-12-16 18:33:28 UTC,2024-12-16 18:33:28 UTC,subscription
200,1,163,https://www.netflix.com/title/80213226/,2024-12-16 18:33:28 UTC,2024-12-16 18:33:28 UTC,subscription
201,1,164,https://www.netflix.com/title/81742905/,2024-12-16 18:33:28 UTC,2024-12-16 18:33:28 UTC,subscription
202,1,165,https://www.netflix.com/title/81354629/,2024-12-16 18:33:28 UTC,2024-12-16 18:33:28 UTC,subscription
203,1,166,https://www.netflix.com/title/80209024/,2024-12-16 18:33:28 UTC,2024-12-16 18:33:28 UTC,subscription
204,1,167,https://www.netflix.com/title/80050008/,2024-12-16 18:33:28 UTC,2024-12-16 18:33:28 UTC,subscription
205,1,168,https://www.netflix.com/title/81663110/,2024-12-16 18:33:28 UTC,2024-12-16 18:33:28 UTC,subscription
206,1,169,https://www.netflix.com/title/81410564/,2024-12-16 18:33:28 UTC,2024-12-16 18:33:28 UTC,subscription
207,1,170,https://www.netflix.com/title/81675070/,2024-12-16 18:33:28 UTC,2024-12-16 18:33:28 UTC,subscription
208,1,171,https://www.netflix.com/title/81555012/,2024-12-16 18:33:28 UTC,2024-12-16 18:33:28 UTC,subscription
209,1,172,https://www.netflix.com/title/80158854/,2024-12-16 18:33:28 UTC,2024-12-16 18:33:28 UTC,subscription
210,1,173,https://www.netflix.com/title/81484111/,2024-12-16 18:33:28 UTC,2024-12-16 18:33:28 UTC,subscription
211,1,174,https://www.netflix.com/title/81308413/,2024-12-16 18:33:28 UTC,2024-12-16 18:33:28 UTC,subscription
212,1,175,https://www.netflix.com/title/81076952/,2024-12-16 18:33:28 UTC,2024-12-16 18:33:28 UTC,subscription
213,1,176,https://www.netflix.com/title/80244680/,2024-12-16 18:33:28 UTC,2024-12-16 18:33:28 UTC,subscription
214,1,177,https://www.netflix.com/title/81746729/,2024-12-16 18:33:28 UTC,2024-12-16 18:33:28 UTC,subscription
215,1,178,https://www.netflix.com/title/81610329/,2024-12-16 18:33:28 UTC,2024-12-16 18:33:28 UTC,subscription
216,1,179,https://www.netflix.com/title/81509557/,2024-12-16 18:33:28 UTC,2024-12-16 18:33:28 UTC,subscription
217,1,180,https://www.netflix.com/title/81424906/,2024-12-16 18:33:28 UTC,2024-12-16 18:33:28 UTC,subscription
218,1,181,https://www.netflix.com/title/81010807/,2024-12-16 18:33:29 UTC,2024-12-16 18:33:29 UTC,subscription
219,1,182,https://www.netflix.com/title/81273453/,2024-12-16 18:33:29 UTC,2024-12-16 18:33:29 UTC,subscription
220,1,183,https://www.netflix.com/title/81687835/,2024-12-16 18:33:29 UTC,2024-12-16 18:33:29 UTC,subscription
221,1,184,https://www.netflix.com/title/80042368/,2024-12-16 18:33:29 UTC,2024-12-16 18:33:29 UTC,subscription
222,1,185,https://www.netflix.com/title/81577597/,2024-12-16 18:33:29 UTC,2024-12-16 18:33:29 UTC,subscription
223,1,186,https://www.netflix.com/title/81645273/,2024-12-16 18:33:29 UTC,2024-12-16 18:33:29 UTC,subscription
224,1,187,https://www.netflix.com/title/81183451/,2024-12-16 18:33:29 UTC,2024-12-16 18:33:29 UTC,subscription
225,1,188,https://www.netflix.com/title/81326176/,2024-12-16 18:33:29 UTC,2024-12-16 18:33:29 UTC,subscription
226,1,189,https://www.netflix.com/title/81327370/,2024-12-16 18:33:29 UTC,2024-12-16 18:33:29 UTC,subscription
227,1,190,https://www.netflix.com/title/81555066/,2024-12-16 18:33:29 UTC,2024-12-16 18:33:29 UTC,subscription
228,1,191,https://www.netflix.com/title/81411161/,2024-12-16 18:33:29 UTC,2024-12-16 18:33:29 UTC,subscription
229,1,192,https://www.netflix.com/title/81466259/,2024-12-16 18:33:29 UTC,2024-12-16 18:33:29 UTC,subscription
230,2,193,https://tv.apple.com/fr/movie/aux-antipodes-de-noel/umc.cmc.7jo333l9l536rt89qjdfgentf,2024-12-16 18:33:29 UTC,2024-12-16 18:33:29 UTC,addon
231,1,193,https://www.netflix.com/title/81219821/,2024-12-16 18:33:29 UTC,2024-12-16 18:33:29 UTC,subscription
232,1,194,https://www.netflix.com/title/81031939/,2024-12-16 18:33:30 UTC,2024-12-16 18:33:30 UTC,subscription
233,1,195,https://www.netflix.com/title/81273461/,2024-12-16 18:33:30 UTC,2024-12-16 18:33:30 UTC,subscription
234,1,196,https://www.netflix.com/title/80065488/,2024-12-16 18:33:30 UTC,2024-12-16 18:33:30 UTC,subscription
235,1,197,https://www.netflix.com/title/81388078/,2024-12-16 18:33:30 UTC,2024-12-16 18:33:30 UTC,subscription
236,1,198,https://www.netflix.com/title/81484069/,2024-12-16 18:33:30 UTC,2024-12-16 18:33:30 UTC,subscription
237,1,199,https://www.netflix.com/title/81484068/,2024-12-16 18:33:30 UTC,2024-12-16 18:33:30 UTC,subscription
238,1,200,https://www.netflix.com/title/81503933/,2024-12-16 18:33:30 UTC,2024-12-16 18:33:30 UTC,subscription
239,1,201,https://www.netflix.com/title/80195967/,2024-12-16 18:33:31 UTC,2024-12-16 18:33:31 UTC,subscription
240,1,202,https://www.netflix.com/title/80161848/,2024-12-16 18:33:31 UTC,2024-12-16 18:33:31 UTC,subscription
241,2,203,https://tv.apple.com/fr/movie/adn/umc.cmc.5fa4mbqaw9howunk13hkx9a9y?playableId=tvs.sbd.9001%3A1573815876,2024-12-16 18:33:31 UTC,2024-12-17 16:09:06 UTC,rent
242,1,203,https://www.netflix.com/title/81262192/,2024-12-16 18:33:31 UTC,2024-12-16 18:33:31 UTC,subscription
243,1,204,https://www.netflix.com/title/80237329/,2024-12-16 18:33:31 UTC,2024-12-16 18:33:31 UTC,subscription
244,1,205,https://www.netflix.com/title/81227759/,2024-12-16 18:33:31 UTC,2024-12-16 18:33:31 UTC,subscription
245,1,206,https://www.netflix.com/title/81576597/,2024-12-16 18:33:31 UTC,2024-12-16 18:33:31 UTC,subscription
246,1,207,https://www.netflix.com/title/60021103/,2024-12-16 18:33:31 UTC,2024-12-16 18:33:31 UTC,subscription
247,1,208,https://www.netflix.com/title/81685878/,2024-12-16 18:33:31 UTC,2024-12-16 18:33:31 UTC,subscription
248,1,209,https://www.netflix.com/title/80218962/,2024-12-16 18:33:31 UTC,2024-12-16 18:33:31 UTC,subscription
249,1,211,https://www.netflix.com/title/81219073/,2024-12-16 18:33:31 UTC,2024-12-16 18:33:31 UTC,subscription
250,1,212,https://www.netflix.com/title/80092885/,2024-12-16 18:33:31 UTC,2024-12-16 18:33:31 UTC,subscription
251,1,213,https://www.netflix.com/title/81671923/,2024-12-16 18:33:31 UTC,2024-12-16 18:33:31 UTC,subscription
252,1,214,https://www.netflix.com/title/81680246/,2024-12-16 18:33:31 UTC,2024-12-16 18:33:31 UTC,subscription
253,1,215,https://www.netflix.com/title/81610274/,2024-12-16 18:33:31 UTC,2024-12-16 18:33:31 UTC,subscription
254,2,216,https://tv.apple.com/fr/show/abby-hatcher/umc.cmc.cit3bqrvj8fkvslj6n2wfq7k,2024-12-16 18:33:31 UTC,2024-12-16 18:33:31 UTC,addon
255,1,216,https://www.netflix.com/title/81071296/,2024-12-16 18:33:31 UTC,2024-12-16 18:33:31 UTC,subscription
256,1,217,https://www.netflix.com/title/81000864/,2024-12-16 18:33:31 UTC,2024-12-16 18:33:31 UTC,subscription
257,2,218,https://tv.apple.com/fr/movie/abominable/umc.cmc.6jrpb1ce9hpllxklhnomuiipz,2024-12-16 18:33:31 UTC,2024-12-17 16:09:06 UTC,rent
258,3,218,https://www.primevideo.com/detail/0LPLBQPFV6O48YZVM855V90AUC/ref=atv_dp,2024-12-16 18:33:31 UTC,2024-12-17 16:09:06 UTC,buy
259,1,218,https://www.netflix.com/title/81088173/,2024-12-16 18:33:31 UTC,2024-12-16 18:33:31 UTC,subscription
260,2,219,https://tv.apple.com/fr/movie/il-etait-temps/umc.cmc.2vfd635fg0hxxlsqcetlzw8mp,2024-12-16 18:33:31 UTC,2024-12-17 16:09:06 UTC,buy
261,1,219,https://www.netflix.com/title/70261674/,2024-12-16 18:33:31 UTC,2024-12-16 18:33:31 UTC,subscription
262,1,220,https://www.netflix.com/title/81567028/,2024-12-16 18:33:31 UTC,2024-12-16 18:33:31 UTC,subscription
263,1,221,https://www.netflix.com/title/80057883/,2024-12-16 18:33:32 UTC,2024-12-16 18:33:32 UTC,subscription
264,1,222,https://www.netflix.com/title/81082225/,2024-12-16 18:33:32 UTC,2024-12-16 18:33:32 UTC,subscription
265,3,223,https://www.primevideo.com/detail/0IBHD4DSZV6638ZURSC5XVDWJY/ref=atv_dp,2024-12-16 18:33:32 UTC,2024-12-17 16:09:08 UTC,buy
266,1,223,https://www.netflix.com/title/81683340/,2024-12-16 18:33:32 UTC,2024-12-16 18:33:32 UTC,subscription
267,1,224,https://www.netflix.com/title/81659092/,2024-12-16 18:33:32 UTC,2024-12-16 18:33:32 UTC,subscription
268,3,225,https://www.primevideo.com/detail/0R90RBIAEF8G0VNDWVS0O96T1G/ref=atv_dp,2024-12-16 18:33:32 UTC,2024-12-17 16:09:08 UTC,rent
269,1,225,https://www.netflix.com/title/215309/,2024-12-16 18:33:32 UTC,2024-12-16 18:33:32 UTC,subscription
270,1,226,https://www.netflix.com/title/81408945/,2024-12-16 18:33:32 UTC,2024-12-16 18:33:32 UTC,subscription
271,1,227,https://www.netflix.com/title/81554969/,2024-12-16 18:33:32 UTC,2024-12-16 18:33:32 UTC,subscription
272,1,228,https://www.netflix.com/title/80993597/,2024-12-16 18:33:32 UTC,2024-12-16 18:33:32 UTC,subscription
273,1,229,https://www.netflix.com/title/80198673/,2024-12-16 18:33:32 UTC,2024-12-16 18:33:32 UTC,subscription
274,1,230,https://www.netflix.com/title/81664676/,2024-12-16 18:33:32 UTC,2024-12-16 18:33:32 UTC,subscription
275,1,231,https://www.netflix.com/title/81409044/,2024-12-16 18:33:32 UTC,2024-12-16 18:33:32 UTC,subscription
276,1,232,https://www.netflix.com/title/81699236/,2024-12-16 18:33:32 UTC,2024-12-16 18:33:32 UTC,subscription
277,1,233,https://www.netflix.com/title/80993404/,2024-12-16 18:33:32 UTC,2024-12-16 18:33:32 UTC,subscription
278,1,234,https://www.netflix.com/title/80224536/,2024-12-16 18:33:32 UTC,2024-12-16 18:33:32 UTC,subscription
279,2,234,https://tv.apple.com/fr/movie/adam-sandler-100-fresh/umc.cmc.3hza05ssaatvx0rvkzvtw602x,2024-12-16 18:33:32 UTC,2024-12-16 18:33:32 UTC,addon
280,1,235,https://www.netflix.com/title/81757746/,2024-12-16 18:33:32 UTC,2024-12-16 18:33:32 UTC,subscription
281,1,236,https://www.netflix.com/title/81450005/,2024-12-16 18:33:32 UTC,2024-12-16 18:33:32 UTC,subscription
282,1,237,https://www.netflix.com/title/80203919/,2024-12-16 18:33:32 UTC,2024-12-16 18:33:32 UTC,subscription
283,2,238,https://tv.apple.com/fr/movie/adieu-les-cons/umc.cmc.6v81xqazv12zjs4tzy0djzs83?playableId=tvs.sbd.9001%3A1533063099,2024-12-16 18:33:32 UTC,2024-12-17 16:09:08 UTC,rent
284,3,238,https://www.primevideo.com/detail/0QTB6FESTXAXDZBLDWBKPXQ3IP/ref=atv_dp,2024-12-16 18:33:32 UTC,2024-12-17 16:09:08 UTC,buy
285,1,238,https://www.netflix.com/title/81719028/,2024-12-16 18:33:32 UTC,2024-12-16 18:33:32 UTC,subscription
286,2,239,https://tv.apple.com/fr/movie/adios-amigos/umc.cmc.e68ydv0bw9dahcf1tcttqtpa,2024-12-16 18:33:32 UTC,2024-12-17 16:09:08 UTC,buy
287,1,239,https://www.netflix.com/title/80187518/,2024-12-16 18:33:32 UTC,2024-12-16 18:33:32 UTC,subscription
288,1,240,https://www.netflix.com/title/81730156/,2024-12-16 18:33:32 UTC,2024-12-16 18:33:32 UTC,subscription
289,1,241,https://www.netflix.com/title/80183329/,2024-12-16 18:33:34 UTC,2024-12-16 18:33:34 UTC,subscription
290,1,242,https://www.netflix.com/title/70035938/,2024-12-16 18:33:34 UTC,2024-12-16 18:33:34 UTC,subscription
291,1,243,https://www.netflix.com/title/81494906/,2024-12-16 18:33:34 UTC,2024-12-16 18:33:34 UTC,subscription
292,1,244,https://www.netflix.com/title/80010423/,2024-12-16 18:33:34 UTC,2024-12-16 18:33:34 UTC,subscription
293,1,245,https://www.netflix.com/title/81730390/,2024-12-16 18:33:34 UTC,2024-12-16 18:33:34 UTC,subscription
294,1,246,https://www.netflix.com/title/81466616/,2024-12-16 18:33:34 UTC,2024-12-16 18:33:34 UTC,subscription
295,2,247,https://tv.apple.com/fr/movie/avantageux/umc.cmc.5i3qcslnxuxlk2abeow7jbbrw,2024-12-16 18:33:34 UTC,2024-12-17 16:09:09 UTC,buy
296,1,247,https://www.netflix.com/title/80038420/,2024-12-16 18:33:34 UTC,2024-12-16 18:33:34 UTC,subscription
297,1,248,https://www.netflix.com/title/81080959/,2024-12-16 18:33:34 UTC,2024-12-16 18:33:34 UTC,subscription
298,3,249,https://www.primevideo.com/detail/0HK1WU4XF4P2Y9A7OM4YJC9BO5/,2024-12-16 18:33:34 UTC,2024-12-17 16:09:09 UTC,addon
299,4,249,https://play.max.com/show/fff09eaf-17c3-446b-be32-8a0d47e4ccf1,2024-12-16 18:33:34 UTC,2024-12-16 18:33:34 UTC,subscription
300,1,249,https://www.netflix.com/title/70241425/,2024-12-16 18:33:34 UTC,2024-12-16 18:33:34 UTC,subscription
301,1,250,https://www.netflix.com/title/80993647/,2024-12-16 18:33:34 UTC,2024-12-16 18:33:34 UTC,subscription
302,1,251,https://www.netflix.com/title/80188953/,2024-12-16 18:33:34 UTC,2024-12-16 18:33:34 UTC,subscription
303,1,252,https://www.netflix.com/title/81194685/,2024-12-16 18:33:34 UTC,2024-12-16 18:33:34 UTC,subscription
304,1,253,https://www.netflix.com/title/81629205/,2024-12-16 18:33:34 UTC,2024-12-16 18:33:34 UTC,subscription
305,1,254,https://www.netflix.com/title/81650731/,2024-12-16 18:33:34 UTC,2024-12-16 18:33:34 UTC,subscription
306,1,255,https://www.netflix.com/title/81591183/,2024-12-16 18:33:34 UTC,2024-12-16 18:33:34 UTC,subscription
307,1,256,https://www.netflix.com/title/80998491/,2024-12-16 18:33:34 UTC,2024-12-16 18:33:34 UTC,subscription
308,1,257,https://www.netflix.com/title/81002195/,2024-12-16 18:33:34 UTC,2024-12-16 18:33:34 UTC,subscription
309,1,258,https://www.netflix.com/title/80244681/,2024-12-16 18:33:34 UTC,2024-12-16 18:33:34 UTC,subscription
310,1,259,https://www.netflix.com/title/81095482/,2024-12-16 18:33:34 UTC,2024-12-16 18:33:34 UTC,subscription
311,1,260,https://www.netflix.com/title/70155777/,2024-12-16 18:33:34 UTC,2024-12-16 18:33:34 UTC,subscription
312,1,261,https://www.netflix.com/title/81397884/,2024-12-16 18:33:35 UTC,2024-12-16 18:33:35 UTC,subscription
313,1,262,https://www.netflix.com/title/81627968/,2024-12-16 18:33:35 UTC,2024-12-16 18:33:35 UTC,subscription
314,1,263,https://www.netflix.com/title/81115160/,2024-12-16 18:33:35 UTC,2024-12-16 18:33:35 UTC,subscription
315,1,264,https://www.netflix.com/title/81728111/,2024-12-16 18:33:35 UTC,2024-12-16 18:33:35 UTC,subscription
316,1,265,https://www.netflix.com/title/80237990/,2024-12-16 18:33:35 UTC,2024-12-16 18:33:35 UTC,subscription
317,1,266,https://www.netflix.com/title/80240585/,2024-12-16 18:33:35 UTC,2024-12-16 18:33:35 UTC,subscription
318,1,267,https://www.netflix.com/title/81725688/,2024-12-16 18:33:35 UTC,2024-12-16 18:33:35 UTC,subscription
319,1,268,https://www.netflix.com/title/81050943/,2024-12-16 18:33:35 UTC,2024-12-16 18:33:35 UTC,subscription
320,1,269,https://www.netflix.com/title/81038696/,2024-12-16 18:33:35 UTC,2024-12-16 18:33:35 UTC,subscription
321,1,270,https://www.netflix.com/title/70057253/,2024-12-16 18:33:35 UTC,2024-12-16 18:33:35 UTC,subscription
322,1,271,https://www.netflix.com/title/81631030/,2024-12-16 18:33:35 UTC,2024-12-16 18:33:35 UTC,subscription
323,1,272,https://www.netflix.com/title/81736237/,2024-12-16 18:33:35 UTC,2024-12-16 18:33:35 UTC,subscription
324,1,273,https://www.netflix.com/title/81206929/,2024-12-16 18:33:35 UTC,2024-12-16 18:33:35 UTC,subscription
325,1,274,https://www.netflix.com/title/81399299/,2024-12-16 18:33:35 UTC,2024-12-16 18:33:35 UTC,subscription
326,1,275,https://www.netflix.com/title/81260650/,2024-12-16 18:33:35 UTC,2024-12-16 18:33:35 UTC,subscription
327,1,276,https://www.netflix.com/title/81591155/,2024-12-16 18:33:35 UTC,2024-12-16 18:33:35 UTC,subscription
328,1,277,https://www.netflix.com/title/81411133/,2024-12-16 18:33:35 UTC,2024-12-16 18:33:35 UTC,subscription
329,1,278,https://www.netflix.com/title/81506600/,2024-12-16 18:33:35 UTC,2024-12-16 18:33:35 UTC,subscription
330,1,279,https://www.netflix.com/title/81684876/,2024-12-16 18:33:35 UTC,2024-12-16 18:33:35 UTC,subscription
331,3,279,https://www.primevideo.com/detail/0K666PC7U7SAZ5GL8SKBT8OKJ0/ref=atv_dp,2024-12-16 18:33:35 UTC,2024-12-17 16:09:10 UTC,buy
332,1,280,https://www.netflix.com/title/81466942/,2024-12-16 18:33:35 UTC,2024-12-16 18:33:35 UTC,subscription
333,1,281,https://www.netflix.com/title/81321625/,2024-12-16 18:33:37 UTC,2024-12-16 18:33:37 UTC,subscription
334,1,282,https://www.netflix.com/title/81423382/,2024-12-16 18:33:37 UTC,2024-12-16 18:33:37 UTC,subscription
335,1,283,https://www.netflix.com/title/81466946/,2024-12-16 18:33:37 UTC,2024-12-16 18:33:37 UTC,subscription
336,1,284,https://www.netflix.com/title/81411145/,2024-12-16 18:33:37 UTC,2024-12-16 18:33:37 UTC,subscription
337,1,285,https://www.netflix.com/title/81417719/,2024-12-16 18:33:37 UTC,2024-12-16 18:33:37 UTC,subscription
338,1,286,https://www.netflix.com/title/81121981/,2024-12-16 18:33:37 UTC,2024-12-16 18:33:37 UTC,subscription
339,1,287,https://www.netflix.com/title/80168189/,2024-12-16 18:33:37 UTC,2024-12-16 18:33:37 UTC,subscription
340,1,288,https://www.netflix.com/title/80174285/,2024-12-16 18:33:37 UTC,2024-12-16 18:33:37 UTC,subscription
341,2,288,https://tv.apple.com/fr/show/alexa-et-katie/umc.cmc.73uwj4wg6jmdhpqf283w3j1ut,2024-12-16 18:33:37 UTC,2024-12-16 18:33:37 UTC,addon
342,1,289,https://www.netflix.com/title/81325194/,2024-12-16 18:33:37 UTC,2024-12-16 18:33:37 UTC,subscription
343,1,290,https://www.netflix.com/title/80132381/,2024-12-16 18:33:37 UTC,2024-12-16 18:33:37 UTC,subscription
344,1,291,https://www.netflix.com/title/81050532/,2024-12-16 18:33:37 UTC,2024-12-16 18:33:37 UTC,subscription
345,1,292,https://www.netflix.com/title/81260949/,2024-12-16 18:33:37 UTC,2024-12-16 18:33:37 UTC,subscription
346,1,293,https://www.netflix.com/title/81755772/,2024-12-16 18:33:37 UTC,2024-12-16 18:33:37 UTC,subscription
347,1,294,https://www.netflix.com/title/80101493/,2024-12-16 18:33:37 UTC,2024-12-16 18:33:37 UTC,subscription
348,1,295,https://www.netflix.com/title/81140667/,2024-12-16 18:33:37 UTC,2024-12-16 18:33:37 UTC,subscription
349,1,296,https://www.netflix.com/title/80186940/,2024-12-16 18:33:37 UTC,2024-12-16 18:33:37 UTC,subscription
350,1,297,https://www.netflix.com/title/81140682/,2024-12-16 18:33:37 UTC,2024-12-16 18:33:37 UTC,subscription
351,1,298,https://www.netflix.com/title/80244709/,2024-12-16 18:33:37 UTC,2024-12-16 18:33:37 UTC,subscription
352,1,299,https://www.netflix.com/title/80119411/,2024-12-16 18:33:37 UTC,2024-12-16 18:33:37 UTC,subscription
353,1,300,https://www.netflix.com/title/81003682/,2024-12-16 18:33:37 UTC,2024-12-16 18:33:37 UTC,subscription
354,2,301,https://tv.apple.com/fr/movie/500-jours-ensemble/umc.cmc.wlhin1yz635f9l968ur34ewg,2024-12-19 15:44:22 UTC,2024-12-19 15:44:22 UTC,addon
355,3,301,https://www.primevideo.com/detail/0TENOCT72ZK0817JJCR0TIUAOK/ref=atv_dp,2024-12-19 15:44:22 UTC,2024-12-19 15:44:22 UTC,buy
356,6,301,https://www.disneyplus.com/movies/500-days-of-summer/2zXmrYZRccSe,2024-12-19 15:44:22 UTC,2024-12-19 15:44:22 UTC,subscription
357,6,302,https://www.disneyplus.com/browse/entity-46af23cb-79bc-4e57-90c0-1fc9661f8afe,2024-12-19 15:44:22 UTC,2024-12-19 15:44:22 UTC,subscription
358,6,303,https://www.disneyplus.com/series/101-dalmatian-street/4FuQufaZQMGH,2024-12-19 15:44:22 UTC,2024-12-19 15:44:22 UTC,subscription
359,2,303,https://tv.apple.com/fr/show/101-rue-des-dalmatiens/umc.cmc.49k1slmqkw0powsqufmkcqyrm,2024-12-19 15:44:22 UTC,2024-12-19 15:44:22 UTC,addon
360,2,304,https://tv.apple.com/fr/movie/les-101-dalmatiens/umc.cmc.5u8580qu4ic8n5m70ym9xwo7d,2024-12-19 15:44:22 UTC,2024-12-19 15:44:22 UTC,rent
361,6,304,https://www.disneyplus.com/movies/101-dalmatians/qu6taOyKF29l,2024-12-19 15:44:22 UTC,2024-12-19 15:44:22 UTC,subscription
362,6,305,https://www.disneyplus.com/movies/101-dalmatians-ii-patchs-london-adventure/772r544Ytu2C,2024-12-19 15:44:22 UTC,2024-12-19 15:44:22 UTC,subscription
363,2,305,https://tv.apple.com/fr/movie/101-dalmatiens-2-sur-la-trace-des-heros/umc.cmc.1lzlx7xvasvrze6tsd42cu4e6,2024-12-19 15:44:22 UTC,2024-12-19 15:44:22 UTC,rent
364,3,305,https://www.primevideo.com/detail/0LLBWU8UL85BSNWKLDJHFFGNC9/ref=atv_dp,2024-12-19 15:44:22 UTC,2024-12-19 15:44:22 UTC,buy
365,2,306,https://tv.apple.com/fr/movie/102-dalmatiens/umc.cmc.3tqwt3q9kw6z28v8bzqhl488z,2024-12-19 15:44:22 UTC,2024-12-19 15:44:22 UTC,buy
366,6,306,https://www.disneyplus.com/movies/102-dalmatians/6Ljtg0iqG58i,2024-12-19 15:44:22 UTC,2024-12-19 15:44:22 UTC,subscription
367,6,307,https://www.disneyplus.com/browse/entity-da3e1c5d-3fce-4244-9a65-299f0af118cc,2024-12-19 15:44:22 UTC,2024-12-19 15:44:22 UTC,subscription
368,3,308,https://www.primevideo.com/detail/0GDRZS34Y19Z2S7MCBOXV3TFVJ/ref=atv_dp,2024-12-19 15:44:22 UTC,2024-12-19 15:44:22 UTC,rent
369,6,308,https://www.disneyplus.com/movies/20-000-leagues-under-the-sea/4SAB7qEx02M1,2024-12-19 15:44:22 UTC,2024-12-19 15:44:22 UTC,subscription
370,6,309,https://www.disneyplus.com/series/24/4fLKg4bFPAOl,2024-12-19 15:44:22 UTC,2024-12-19 15:44:22 UTC,subscription
371,2,310,https://tv.apple.com/fr/show/24-heures--legacy/umc.cmc.2d1yr22dkjs80btmu720mmoob,2024-12-19 15:44:22 UTC,2024-12-19 15:44:22 UTC,addon
372,6,310,https://www.disneyplus.com/series/24-legacy/6EKma3OWFTYL,2024-12-19 15:44:22 UTC,2024-12-19 15:44:22 UTC,subscription
373,6,311,https://www.disneyplus.com/movies/28-weeks-later/E6hA40KijrJf,2024-12-19 15:44:22 UTC,2024-12-19 15:44:22 UTC,subscription
374,6,312,https://www.disneyplus.com/movies/three-men-and-a-baby/1V78cfr091uX,2024-12-19 15:44:22 UTC,2024-12-19 15:44:22 UTC,subscription
375,3,312,https://www.primevideo.com/detail/0SCAKEDUCEXMGE4NX9PYU6FGW7/ref=atv_dp,2024-12-19 15:44:22 UTC,2024-12-19 15:44:22 UTC,buy
376,2,312,https://tv.apple.com/fr/movie/trois-hommes-et-un-bebe/umc.cmc.6l8nbopqdnooeqmlhfzq4hfmm,2024-12-19 15:44:22 UTC,2024-12-19 15:44:22 UTC,rent
377,2,313,https://tv.apple.com/fr/movie/tels-peres-telle-fille/umc.cmc.4lqc11e3xyofa911zyrep3wlt?playableId=tvs.sbd.9001%3A936041958,2024-12-19 15:44:22 UTC,2024-12-19 15:44:22 UTC,buy
378,6,313,https://www.disneyplus.com/movies/three-men-and-a-little-lady/6ikf6pxvNySr,2024-12-19 15:44:22 UTC,2024-12-19 15:44:22 UTC,subscription
379,3,313,https://www.primevideo.com/detail/0MNOZEDKFI5QYP9ZVJ6ESV2CO4/ref=atv_dp,2024-12-19 15:44:22 UTC,2024-12-19 15:44:22 UTC,buy
380,6,314,https://www.disneyplus.com/series/revenge-of-others/5S2vFCHxQzzS,2024-12-19 15:44:22 UTC,2024-12-19 15:44:22 UTC,subscription
381,6,315,https://www.disneyplus.com/movies/42-to-1/6goD4pvGmTLt,2024-12-19 15:44:22 UTC,2024-12-19 15:44:22 UTC,subscription
382,6,316,https://www.disneyplus.com/series/4ever/5qalHg4aPKpv,2024-12-19 15:44:22 UTC,2024-12-19 15:44:22 UTC,subscription
383,6,317,https://www.disneyplus.com/series/548-days-abducted-online/7bwY59faYVNN,2024-12-19 15:44:22 UTC,2024-12-19 15:44:22 UTC,subscription
384,6,318,https://www.disneyplus.com/browse/entity-77f5ad5e-f8d0-4806-baf6-a8bcf818993b,2024-12-19 15:44:22 UTC,2024-12-19 15:44:22 UTC,subscription
385,6,319,https://www.disneyplus.com/browse/entity-a2441768-0bc6-47ea-904a-ac7d9d67f4bd,2024-12-19 15:44:22 UTC,2024-12-19 15:44:22 UTC,subscription
386,6,320,https://www.disneyplus.com/series/9-1-1-lone-star/7V6bBzLam2qk,2024-12-19 15:44:22 UTC,2024-12-19 15:44:22 UTC,subscription
387,6,321,https://www.disneyplus.com/series/9-11-one-day-in-america/48JNFzTeAhJO,2024-12-19 15:44:24 UTC,2024-12-19 15:44:24 UTC,subscription
388,6,322,https://www.disneyplus.com/movies/9-11-the-day-that-changed-america/2jsml61MjMuh,2024-12-19 15:44:24 UTC,2024-12-19 15:44:24 UTC,subscription
389,2,322,https://tv.apple.com/fr/movie/attentats-du-11-septembre--le-jour-qui-a-change-lamerique/umc.cmc.1tmth34lf9j8lppab9okjcfa1,2024-12-19 15:44:24 UTC,2024-12-19 15:44:24 UTC,addon
390,6,323,https://www.disneyplus.com/movies/a-bugs-life/2kV0c48TF0Ea,2024-12-19 15:44:24 UTC,2024-12-19 15:44:24 UTC,subscription
391,2,323,https://tv.apple.com/fr/movie/1001-pattes/umc.cmc.40rxsni23f92ibvz5qio38enq,2024-12-19 15:44:24 UTC,2024-12-19 15:44:24 UTC,buy
392,3,323,https://www.primevideo.com/detail/0OJWJBIN2412AVVAD0HNL6W3R4/ref=atv_dp,2024-12-19 15:44:24 UTC,2024-12-19 15:44:24 UTC,buy
393,6,324,https://www.disneyplus.com/browse/entity-3d2d0b1e-8ce8-458e-9414-0178993ac50e,2024-12-19 15:44:24 UTC,2024-12-19 15:44:24 UTC,subscription
394,6,325,https://www.disneyplus.com/movies/disneys-a-christmas-carol/QnakzyiFzOeP,2024-12-19 15:44:24 UTC,2024-12-19 15:44:24 UTC,subscription
395,2,325,https://tv.apple.com/fr/movie/le-drole-de-noel-de-scrooge/umc.cmc.eig39fvss9v0h4zxcj38rc7m,2024-12-19 15:44:24 UTC,2024-12-19 15:44:24 UTC,rent
396,2,326,https://tv.apple.com/fr/movie/a-cure-for-life/umc.cmc.6r2lq4fyek94eenmgmezek6w6,2024-12-19 15:44:24 UTC,2024-12-19 15:44:24 UTC,addon
397,6,326,https://www.disneyplus.com/movies/a-cure-for-wellness/MRwi7vznZ9fH,2024-12-19 15:44:24 UTC,2024-12-19 15:44:24 UTC,subscription
398,3,326,https://www.primevideo.com/detail/0QSU1752EBLEOHLJSFWM5RTZ8F/ref=atv_dp,2024-12-19 15:44:24 UTC,2024-12-19 15:44:24 UTC,subscription
399,2,327,https://tv.apple.com/fr/movie/die-hard--belle-journee-pour-mourir/umc.cmc.4xls6s5gfod55y8c4uqh3tuh7,2024-12-19 15:44:24 UTC,2024-12-19 15:44:24 UTC,rent
400,6,327,https://www.disneyplus.com/movies/a-good-day-to-die-hard/VZjwaJrZlPBz,2024-12-19 15:44:24 UTC,2024-12-19 15:44:24 UTC,subscription
401,3,327,https://www.primevideo.com/detail/0N8Z4IQJSVDF84DQTV8OWIJIDT/ref=atv_dp,2024-12-19 15:44:24 UTC,2024-12-19 15:44:24 UTC,rent
402,2,328,https://tv.apple.com/fr/movie/une-grande-annee/umc.cmc.6psojimwneeqncxkiqr2do0ot?playableId=tvs.sbd.9001%3A417329653,2024-12-19 15:44:24 UTC,2024-12-19 15:44:24 UTC,buy
403,3,328,https://www.primevideo.com/detail/0SXKQD0GWKSMT50WJZTBX0GNXU/ref=atv_dp,2024-12-19 15:44:24 UTC,2024-12-19 15:44:24 UTC,rent
404,6,328,https://www.disneyplus.com/browse/entity-199ef033-a58b-4d40-92b0-023184dc59a1,2024-12-19 15:44:24 UTC,2024-12-19 15:44:24 UTC,subscription
405,2,329,https://tv.apple.com/fr/movie/dingo-et-max/umc.cmc.1glifnkvtw9pi3b67lyjbcxy9,2024-12-19 15:44:24 UTC,2024-12-19 15:44:24 UTC,rent
406,3,329,https://www.primevideo.com/detail/0O2U5YPIFJ6Y3NM6II6S4ES4GB/ref=atv_dp,2024-12-19 15:44:24 UTC,2024-12-19 15:44:24 UTC,buy
407,6,329,https://www.disneyplus.com/movies/a-goofy-movie/3fo2pP85XXvo,2024-12-19 15:44:24 UTC,2024-12-19 15:44:24 UTC,subscription
408,6,330,https://www.disneyplus.com/movies/a-heros-journey-the-making-of-percy-jackson-and-the-olympians/45kYzYfrKRsT,2024-12-19 15:44:24 UTC,2024-12-19 15:44:24 UTC,subscription
409,6,331,https://www.disneyplus.com/series/a-murder-at-the-end-of-the-world/4xdTACKxPHj5,2024-12-19 15:44:24 UTC,2024-12-19 15:44:24 UTC,subscription
410,6,332,https://www.disneyplus.com/series/a-real-bugs-life/4U6OnTyIVOtC,2024-12-19 15:44:24 UTC,2024-12-19 15:44:24 UTC,subscription
411,6,333,https://www.disneyplus.com/movies/a-ring-of-endless-light/2oA3irBlKUgQ,2024-12-19 15:44:24 UTC,2024-12-19 15:44:24 UTC,subscription
412,6,334,https://www.disneyplus.com/series/a-small-light/5SHN2ZbYQXtL,2024-12-19 15:44:24 UTC,2024-12-19 15:44:24 UTC,subscription
413,6,335,https://www.disneyplus.com/movies/a-spark-story/5X6a8pxqXkLQ,2024-12-19 15:44:24 UTC,2024-12-19 15:44:24 UTC,subscription
414,2,335,https://tv.apple.com/fr/movie/a-spark-story/umc.cmc.5c37bregpgkqsn0aqzoiygys,2024-12-19 15:44:24 UTC,2024-12-19 15:44:24 UTC,addon
415,6,336,https://www.disneyplus.com/series/the-superfantastic-story-of-balao/1lIMzVXYdzr1,2024-12-19 15:44:24 UTC,2024-12-19 15:44:24 UTC,subscription
416,6,337,https://www.disneyplus.com/series/a-teacher/7QD0FojrMZMj,2024-12-19 15:44:24 UTC,2024-12-19 15:44:24 UTC,subscription
417,2,337,https://tv.apple.com/fr/show/a-teacher/umc.cmc.7kcf1241ozuysnhhbkcg12fk7,2024-12-19 15:44:24 UTC,2024-12-19 15:44:24 UTC,addon
418,3,338,https://www.primevideo.com/detail/0SC9VY9OHRD0ZVPCP8X4NJPE90/ref=atv_dp,2024-12-19 15:44:24 UTC,2024-12-19 15:44:24 UTC,buy
419,6,338,https://www.disneyplus.com/movies/a-wrinkle-in-time/2ymVp5XEoSos,2024-12-19 15:44:24 UTC,2024-12-19 15:44:24 UTC,subscription
420,2,338,https://tv.apple.com/fr/movie/un-raccourci-dans-le-temps/umc.cmc.4ej4swfe9r6luaehk0apddtap?playableId=tvs.sbd.9001%3A1354322120,2024-12-19 15:44:24 UTC,2024-12-19 15:44:24 UTC,buy
421,6,339,https://www.disneyplus.com/series/ant-farm/6VhHIPXTucfT,2024-12-19 15:44:24 UTC,2024-12-19 15:44:24 UTC,subscription
422,2,340,https://tv.apple.com/fr/movie/alien-vs-predator/umc.cmc.4ib7ok2o9rdn1s1d5cftzb7tn,2024-12-19 15:44:24 UTC,2024-12-19 15:44:24 UTC,addon
423,3,340,https://www.primevideo.com/detail/0NQ1X65OW8YTYCLQLY8KHS9UIC/ref=atv_dp,2024-12-19 15:44:24 UTC,2024-12-19 15:44:24 UTC,buy
424,6,340,https://www.disneyplus.com/movies/alien-vs-predator/73VZUHgbMVBG,2024-12-19 15:44:24 UTC,2024-12-19 15:44:24 UTC,subscription
425,6,341,https://www.disneyplus.com/movies/aaron-carter-the-little-prince-of-pop/7Y6ti9icJx7i,2024-12-19 15:44:26 UTC,2024-12-19 15:44:26 UTC,subscription
426,6,342,https://www.disneyplus.com/browse/entity-19c47a8f-8ef9-400c-9840-647e7c559f08,2024-12-19 15:44:26 UTC,2024-12-19 15:44:26 UTC,subscription
427,2,342,https://tv.apple.com/fr/show/abbott-elementary/umc.cmc.4yajt40knug1iwx1l9hrjxkxy,2024-12-19 15:44:26 UTC,2024-12-19 15:44:26 UTC,addon
428,6,343,https://www.disneyplus.com/browse/entity-a7192972-91a4-41ac-83ca-7bdfc2dce35d,2024-12-19 15:44:26 UTC,2024-12-19 15:44:26 UTC,subscription
429,3,343,https://www.primevideo.com/detail/0P9GWX7H24QQGXB3UK4U674F52/ref=atv_dp,2024-12-19 15:44:26 UTC,2024-12-19 15:44:26 UTC,rent
430,6,344,https://www.disneyplus.com/movies/absolutely-fabulous-the-movie/17cENSapIMYN,2024-12-19 15:44:26 UTC,2024-12-19 15:44:26 UTC,subscription
431,2,344,https://tv.apple.com/fr/movie/absolutely-fabulous-le-film/umc.cmc.3ho8dbhz7u2wfa21of0i53a8o,2024-12-19 15:44:26 UTC,2024-12-19 15:44:26 UTC,buy
432,6,345,https://www.disneyplus.com/series/according-to-jim/12qZK0PPqXjd,2024-12-19 15:44:26 UTC,2024-12-19 15:44:26 UTC,subscription
433,2,346,https://tv.apple.com/fr/movie/ad-astra/umc.cmc.49wovq1nj958nx4lzr8sj0o8b?playableId=tvs.sbd.9001%3A1479258606,2024-12-19 15:44:26 UTC,2024-12-19 15:44:26 UTC,buy
434,6,346,https://www.disneyplus.com/movies/ad-astra/zjqFJisVky4u,2024-12-19 15:44:26 UTC,2024-12-19 15:44:26 UTC,subscription
435,3,346,https://www.primevideo.com/detail/0M2DML009U2YIY3O4WHWMNRNU1/ref=atv_dp,2024-12-19 15:44:26 UTC,2024-12-19 15:44:26 UTC,buy
436,2,347,https://tv.apple.com/fr/movie/nuit-de-folie/umc.cmc.8v23qcnazo94sgacokhwfhqt,2024-12-19 15:44:26 UTC,2024-12-19 15:44:26 UTC,addon
437,6,347,https://www.disneyplus.com/movies/adventures-in-babysitting/4zIKJra1U8aZ,2024-12-19 15:44:26 UTC,2024-12-19 15:44:26 UTC,subscription
438,2,348,https://tv.apple.com/fr/movie/disney-babysitting-night/umc.cmc.5icpctszbkm3al7dnmpl8l1wh,2024-12-19 15:44:26 UTC,2024-12-19 15:44:26 UTC,buy
439,6,348,https://www.disneyplus.com/movies/adventures-in-babysitting/5lXtoXow4Ely,2024-12-19 15:44:26 UTC,2024-12-19 15:44:26 UTC,subscription
440,6,349,https://www.disneyplus.com/browse/entity-7ed182f0-5071-46c3-9c53-27e7309b33ff,2024-12-19 15:44:26 UTC,2024-12-19 15:44:26 UTC,subscription
441,2,349,https://tv.apple.com/fr/show/afrique---a-la-vie-a-la-mort/umc.cmc.1gry8vq76e2g2gbveu187cgsj,2024-12-19 15:44:26 UTC,2024-12-19 15:44:26 UTC,addon
442,2,350,https://tv.apple.com/fr/movie/felins/umc.cmc.1h3bjhigfdg04tavlf618r2ap,2024-12-19 15:44:26 UTC,2024-12-19 15:44:26 UTC,addon
443,6,350,https://www.disneyplus.com/movies/african-cats/72frq19NDYJ3,2024-12-19 15:44:26 UTC,2024-12-19 15:44:26 UTC,subscription
444,3,350,https://www.primevideo.com/detail/0PI01FLNHY7P17GS84JXLU5FBN/ref=atv_dp,2024-12-19 15:44:26 UTC,2024-12-19 15:44:26 UTC,buy
445,2,351,https://tv.apple.com/fr/movie/aftershock/umc.cmc.45lxeqruuesmmzjrnli62jjik,2024-12-19 15:44:26 UTC,2024-12-19 15:44:26 UTC,addon
446,6,351,https://www.disneyplus.com/movies/aftershock/3R0rbcUmcphT,2024-12-19 15:44:26 UTC,2024-12-19 15:44:26 UTC,subscription
447,6,352,https://www.disneyplus.com/browse/entity-5e474669-a4a2-4b90-a928-5ae7f845090c,2024-12-19 15:44:26 UTC,2024-12-19 15:44:26 UTC,subscription
448,6,353,https://www.disneyplus.com/series/ahsoka/pdpjs2TO4zJ4,2024-12-19 15:44:26 UTC,2024-12-19 15:44:26 UTC,subscription
449,6,354,https://www.disneyplus.com/series/the-churchmen/2lyicYHLKWDs,2024-12-19 15:44:26 UTC,2024-12-19 15:44:26 UTC,subscription
450,3,355,https://www.primevideo.com/detail/0HAE9NZP9ZDH61RPQ7HN4L2RM7/ref=atv_dp,2024-12-19 15:44:26 UTC,2024-12-19 15:44:26 UTC,buy
451,6,355,https://www.disneyplus.com/browse/entity-69596e08-99a2-4b95-93a8-4ffd68f4b2d0,2024-12-19 15:44:26 UTC,2024-12-19 15:44:26 UTC,subscription
452,6,356,https://www.disneyplus.com/browse/entity-a4458aa4-01bc-49ae-90e1-af121f04ff4b,2024-12-19 15:44:26 UTC,2024-12-19 15:44:26 UTC,subscription
453,2,357,https://tv.apple.com/fr/movie/akashinga--la-guerre-de-livoire/umc.cmc.5b1d82m7kgs68by4esyt5jjxz,2024-12-19 15:44:26 UTC,2024-12-19 15:44:26 UTC,addon
454,6,357,https://www.disneyplus.com/movies/akashinga-the-brave-ones/6psStZQeXzlG,2024-12-19 15:44:26 UTC,2024-12-19 15:44:26 UTC,subscription
455,6,358,https://www.disneyplus.com/series/the-actress/2MSAo83cf8JM,2024-12-19 15:44:26 UTC,2024-12-19 15:44:26 UTC,subscription
456,6,359,https://www.disneyplus.com/movies/al-davis-vs-the-nfl/2eiTlnjKc946,2024-12-19 15:44:26 UTC,2024-12-19 15:44:26 UTC,subscription
457,2,360,https://tv.apple.com/fr/movie/aladdin/umc.cmc.13229jkd134ryb4p2jhktwx31?playableId=tvs.sbd.9001%3A566849110,2024-12-19 15:44:26 UTC,2024-12-19 15:44:26 UTC,buy
458,3,360,https://www.primevideo.com/detail/0JCBXYD3MMMN6BGN4DTQOL53OS/ref=atv_dp,2024-12-19 15:44:26 UTC,2024-12-19 15:44:26 UTC,buy
459,6,360,https://www.disneyplus.com/movies/aladdin/2SngByljXESE,2024-12-19 15:44:26 UTC,2024-12-19 15:44:26 UTC,subscription
